{
  "indexes": [
    { "collectionGroup": "groups", "queryScope": "COLLECTION", "fields": [
      { "fieldPath": "parentId", "order": "ASCENDING" },
      { "fieldPath": "name", "order": "ASCENDING" }
    ]},
    { "collectionGroup": "boats", "queryScope": "COLLECTION", "fields": [
      { "fieldPath": "groupId", "order": "ASCENDING" },
      { "fieldPath": "name", "order": "ASCENDING" }
    ]},
    { "collectionGroup": "sensors", "queryScope": "COLLECTION", "fields": [
      { "fieldPath": "boatId", "order": "ASCENDING" },
      { "fieldPath": "type", "order": "ASCENDING" }
    ]}
  ],
  "fieldOverrides": []
}
